{
  "index": "/index.html",
  "assetGroups": [{
    "name": "app",
    "installMode": "prefetch",
    "resources": {
      "files": [
        "/favicon.ico",
        "/index.html",
        "/assets/**"
      ],
      "versionedFiles": [
        "/*.bundle.css",
        "/*.bundle.js",
        "/*.chunk.js"
      ]
    }
  }, {
    "name": "assets",
    "installMode": "lazy",
    "updateMode": "prefetch",
    "resources": {
      "urls": [
        "https://fonts.googleapis.com/**",
        "https://fonts.gstatic.com/**",
        "https://code.ionicframework.com/**"
      ]
    }
  }],
  "dataGroups": [
    {
      "name": "appsync",
      "urls": ["/chat"],
      "cacheConfig": {
        "strategy": "freshness",
        "maxSize": 50,
        "maxAge": "1s",
        "timeout": "1s"
      }
    }
  ]
}
